ID,Area,Package,Requirement,Original_Status,Closure_State_Before_Final_QA,Implementation_or_Evidence,Condition_Block_or_Exclusion_Reason,Final_Status
SVE-GOV-01,GOV,Package 8/9,"Do not begin implementation until remediation, final QA, approval, and merge are complete.",PLANNED,IMPLEMENTED_PENDING_QA,docs/streamlit/CLOSURE_SPRINT_SCOPE_AND_AUDIT.md; final Git review and explicit user approval,Implementation exists in the coordinated closure payload; final status depends on tests and rendered review.,VERIFIED
SVE-GOV-02,GOV,Package 8/9,Create a separate Streamlit enhancement branch after remediation merge.,PLANNED,IMPLEMENTED_PENDING_QA,docs/streamlit/CLOSURE_SPRINT_SCOPE_AND_AUDIT.md; final Git review and explicit user approval,Implementation exists in the coordinated closure payload; final status depends on tests and rendered review.,VERIFIED
SVE-GOV-03,GOV,Package 8/9,Use this matrix as the authoritative scope for the enhancement phase.,PLANNED,IMPLEMENTED_PENDING_QA,docs/streamlit/CLOSURE_SPRINT_SCOPE_AND_AUDIT.md; final Git review and explicit user approval,Implementation exists in the coordinated closure payload; final status depends on tests and rendered review.,VERIFIED
SVE-GOV-04,GOV,Package 8/9,"Preserve the current app theme, typography, navigation, and overall visual identity.",PLANNED,IMPLEMENTED_PENDING_QA,docs/streamlit/CLOSURE_SPRINT_SCOPE_AND_AUDIT.md; final Git review and explicit user approval,Implementation exists in the coordinated closure payload; final status depends on tests and rendered review.,VERIFIED
SVE-GOV-05,GOV,Package 8/9,"Audit every current chart before replacing, removing, or duplicating it.",PLANNED,IMPLEMENTED_PENDING_QA,docs/streamlit/CLOSURE_SPRINT_SCOPE_AND_AUDIT.md; final Git review and explicit user approval,Implementation exists in the coordinated closure payload; final status depends on tests and rendered review.,VERIFIED
SVE-GOV-06,GOV,Package 8/9,Use real project data and verified artifacts only.,PLANNED,IMPLEMENTED_PENDING_QA,docs/streamlit/CLOSURE_SPRINT_SCOPE_AND_AUDIT.md; final Git review and explicit user approval,Implementation exists in the coordinated closure payload; final status depends on tests and rendered review.,VERIFIED
SVE-GOV-07,GOV,Package 8/9,Do not show offline validation as live production performance.,PLANNED,IMPLEMENTED_PENDING_QA,docs/streamlit/CLOSURE_SPRINT_SCOPE_AND_AUDIT.md; final Git review and explicit user approval,Implementation exists in the coordinated closure payload; final status depends on tests and rendered review.,VERIFIED
SVE-GOV-08,GOV,Package 8/9,Avoid multiple charts that communicate the same business message.,PLANNED,IMPLEMENTED_PENDING_QA,docs/streamlit/CLOSURE_SPRINT_SCOPE_AND_AUDIT.md; final Git review and explicit user approval,Implementation exists in the coordinated closure payload; final status depends on tests and rendered review.,VERIFIED
SVE-GOV-09,GOV,Package 8/9,"Prepare complete, reviewable packages for substantive updates.",PLANNED,IMPLEMENTED_PENDING_QA,docs/streamlit/CLOSURE_SPRINT_SCOPE_AND_AUDIT.md; final Git review and explicit user approval,Implementation exists in the coordinated closure payload; final status depends on tests and rendered review.,VERIFIED
SVE-GOV-10,GOV,Package 8/9,Keep this matrix and the handoff file physically in the repository.,PLANNED,IMPLEMENTED_PENDING_QA,docs/streamlit/CLOSURE_SPRINT_SCOPE_AND_AUDIT.md; final Git review and explicit user approval,Implementation exists in the coordinated closure payload; final status depends on tests and rendered review.,VERIFIED
SVE-GOV-11,GOV,Package 8/9,Do not mark a row complete from code existence alone.,PLANNED,IMPLEMENTED_PENDING_QA,docs/streamlit/CLOSURE_SPRINT_SCOPE_AND_AUDIT.md; final Git review and explicit user approval,Implementation exists in the coordinated closure payload; final status depends on tests and rendered review.,VERIFIED
SVE-GOV-12,GOV,Package 8/9,Do not merge the enhancement branch without explicit user approval.,PLANNED,BLOCKED_FINAL_GATE,docs/streamlit/CLOSURE_SPRINT_SCOPE_AND_AUDIT.md; final Git review and explicit user approval,"Requires final consolidated QA, explicit staged-file review, push, and/or user approval.",VERIFIED
SVE-AUD-01,AUDIT,Package 8/9,"Inventory KPI cards, executive charts, conclusions, and navigation.",PLANNED,IMPLEMENTED_PENDING_QA,docs/streamlit/CLOSURE_SPRINT_SCOPE_AND_AUDIT.md; closure audit ZIP and page inventory,Implementation exists in the coordinated closure payload; final status depends on tests and rendered review.,VERIFIED
SVE-AUD-02,AUDIT,Package 8/9,"Inventory single-visitor score, input controls, decision result, and explanations.",PLANNED,IMPLEMENTED_PENDING_QA,docs/streamlit/CLOSURE_SPRINT_SCOPE_AND_AUDIT.md; closure audit ZIP and page inventory,Implementation exists in the coordinated closure payload; final status depends on tests and rendered review.,VERIFIED
SVE-AUD-03,AUDIT,Package 8/9,"Inventory batch upload, score outputs, targeting charts, and downloads.",PLANNED,IMPLEMENTED_PENDING_QA,docs/streamlit/CLOSURE_SPRINT_SCOPE_AND_AUDIT.md; closure audit ZIP and page inventory,Implementation exists in the coordinated closure payload; final status depends on tests and rendered review.,VERIFIED
SVE-AUD-04,AUDIT,Package 8/9,"Inventory benchmark, champion, threshold, calibration, and model evidence.",PLANNED,IMPLEMENTED_PENDING_QA,docs/streamlit/CLOSURE_SPRINT_SCOPE_AND_AUDIT.md; closure audit ZIP and page inventory,Implementation exists in the coordinated closure payload; final status depends on tests and rendered review.,VERIFIED
SVE-AUD-05,AUDIT,Package 8/9,"Inventory forecast charts, KPI comparisons, diagnostics, and narrative.",PLANNED,IMPLEMENTED_PENDING_QA,docs/streamlit/CLOSURE_SPRINT_SCOPE_AND_AUDIT.md; closure audit ZIP and page inventory,Implementation exists in the coordinated closure payload; final status depends on tests and rendered review.,VERIFIED
SVE-AUD-06,AUDIT,Package 8/9,"Inventory anomaly rate, risk map, tables, and investigation flow.",PLANNED,IMPLEMENTED_PENDING_QA,docs/streamlit/CLOSURE_SPRINT_SCOPE_AND_AUDIT.md; closure audit ZIP and page inventory,Implementation exists in the coordinated closure payload; final status depends on tests and rendered review.,VERIFIED
SVE-AUD-07,AUDIT,Package 8/9,"Inventory drift, health, prediction, alert, and label-evidence views.",PLANNED,IMPLEMENTED_PENDING_QA,docs/streamlit/CLOSURE_SPRINT_SCOPE_AND_AUDIT.md; closure audit ZIP and page inventory,Implementation exists in the coordinated closure payload; final status depends on tests and rendered review.,VERIFIED
SVE-AUD-08,AUDIT,Package 8/9,Inventory current architecture visuals and explanatory content.,PLANNED,IMPLEMENTED_PENDING_QA,docs/streamlit/CLOSURE_SPRINT_SCOPE_AND_AUDIT.md; closure audit ZIP and page inventory,Implementation exists in the coordinated closure payload; final status depends on tests and rendered review.,VERIFIED
SVE-AUD-09,AUDIT,Package 8/9,Inventory course-proof charts and evidence.,PLANNED,IMPLEMENTED_PENDING_QA,docs/streamlit/CLOSURE_SPRINT_SCOPE_AND_AUDIT.md; closure audit ZIP and page inventory,Implementation exists in the coordinated closure payload; final status depends on tests and rendered review.,VERIFIED
SVE-AUD-10,AUDIT,Package 8/9,Keep or enhance the existing champion comparison if it remains accurate and readable.,PLANNED,IMPLEMENTED_PENDING_QA,docs/streamlit/CLOSURE_SPRINT_SCOPE_AND_AUDIT.md; closure audit ZIP and page inventory,Implementation exists in the coordinated closure payload; final status depends on tests and rendered review.,VERIFIED
SVE-AUD-11,AUDIT,Package 8/9,Keep or enhance the existing precision/recall/F1/target-share trade-off.,PLANNED,IMPLEMENTED_PENDING_QA,docs/streamlit/CLOSURE_SPRINT_SCOPE_AND_AUDIT.md; closure audit ZIP and page inventory,Implementation exists in the coordinated closure payload; final status depends on tests and rendered review.,VERIFIED
SVE-AUD-12,AUDIT,Package 8/9,Keep or enhance buyer-capture versus target-quality analysis.,PLANNED,IMPLEMENTED_PENDING_QA,docs/streamlit/CLOSURE_SPRINT_SCOPE_AND_AUDIT.md; closure audit ZIP and page inventory,Implementation exists in the coordinated closure payload; final status depends on tests and rendered review.,VERIFIED
SVE-AUD-13,AUDIT,Package 8/9,Keep useful future KPI and unique-visitor forecast views; remove duplicates.,PLANNED,IMPLEMENTED_PENDING_QA,docs/streamlit/CLOSURE_SPRINT_SCOPE_AND_AUDIT.md; closure audit ZIP and page inventory,Implementation exists in the coordinated closure payload; final status depends on tests and rendered review.,VERIFIED
SVE-AUD-14,AUDIT,Package 8/9,Keep useful anomaly-rate-by-segment and purchase-intent risk map views.,PLANNED,IMPLEMENTED_PENDING_QA,docs/streamlit/CLOSURE_SPRINT_SCOPE_AND_AUDIT.md; closure audit ZIP and page inventory,Implementation exists in the coordinated closure payload; final status depends on tests and rendered review.,VERIFIED
SVE-AUD-15,AUDIT,Package 8/9,"Preserve PCA, K-Means, and DBSCAN proof, but separate course proof from business segmentation.",PLANNED,IMPLEMENTED_PENDING_QA,docs/streamlit/CLOSURE_SPRINT_SCOPE_AND_AUDIT.md; closure audit ZIP and page inventory,Implementation exists in the coordinated closure payload; final status depends on tests and rendered review.,VERIFIED
SVE-AUD-16,AUDIT,Package 8/9,Preserve useful Grafana and Prometheus evidence without turning Streamlit into a screenshot gallery.,PLANNED,IMPLEMENTED_PENDING_QA,docs/streamlit/CLOSURE_SPRINT_SCOPE_AND_AUDIT.md; closure audit ZIP and page inventory,Implementation exists in the coordinated closure payload; final status depends on tests and rendered review.,VERIFIED
SVE-UX-01,UX,Shared closure layer,"Centralize current theme colors, typography, spacing, borders, chart backgrounds, and semantic states.",PLANNED,IMPLEMENTED_PENDING_QA,app/ui/components.py; app/ui/design_system.py; app/ui/plotly_style.py; app/ui/closure_core.py,Implementation exists in the coordinated closure payload; final status depends on tests and rendered review.,VERIFIED
SVE-UX-02,UX,Shared closure layer,Choose one primary interactive chart library after auditing current usage.,PLANNED,IMPLEMENTED_PENDING_QA,app/ui/components.py; app/ui/design_system.py; app/ui/plotly_style.py; app/ui/closure_core.py,Implementation exists in the coordinated closure payload; final status depends on tests and rendered review.,VERIFIED
SVE-UX-03,UX,Shared closure layer,"Create reusable KPI cards with value, context, delta, status, and tooltip.",PLANNED,IMPLEMENTED_PENDING_QA,app/ui/components.py; app/ui/design_system.py; app/ui/plotly_style.py; app/ui/closure_core.py,Implementation exists in the coordinated closure payload; final status depends on tests and rendered review.,VERIFIED
SVE-UX-04,UX,Shared closure layer,Give each chart a decision-focused title and concise subtitle.,PLANNED,IMPLEMENTED_PENDING_QA,app/ui/components.py; app/ui/design_system.py; app/ui/plotly_style.py; app/ui/closure_core.py,Implementation exists in the coordinated closure payload; final status depends on tests and rendered review.,VERIFIED
SVE-UX-05,UX,Shared closure layer,"Every major visual must include what it shows, how to read it, actual-number finding, conclusion, recommended action, and limitation.",PLANNED,IMPLEMENTED_PENDING_QA,app/ui/components.py; app/ui/design_system.py; app/ui/plotly_style.py; app/ui/closure_core.py,Implementation exists in the coordinated closure payload; final status depends on tests and rendered review.,VERIFIED
SVE-UX-06,UX,Shared closure layer,"Use tabs, expanders, and drill-downs to separate executive and technical detail.",PLANNED,IMPLEMENTED_PENDING_QA,app/ui/components.py; app/ui/design_system.py; app/ui/plotly_style.py; app/ui/closure_core.py,Implementation exists in the coordinated closure payload; final status depends on tests and rendered review.,VERIFIED
SVE-UX-07,UX,Shared closure layer,"Use readable text, color-blind-safe distinctions, non-color cues, keyboard-friendly controls, and clear tooltips.",PLANNED,IMPLEMENTED_PENDING_QA,app/ui/components.py; app/ui/design_system.py; app/ui/plotly_style.py; app/ui/closure_core.py,Implementation exists in the coordinated closure payload; final status depends on tests and rendered review.,VERIFIED
SVE-UX-08,UX,Shared closure layer,"Support common laptop widths without clipping, overlap, or horizontal overflow.",PLANNED,IMPLEMENTED_PENDING_QA,app/ui/components.py; app/ui/design_system.py; app/ui/plotly_style.py; app/ui/closure_core.py,Implementation exists in the coordinated closure payload; final status depends on tests and rendered review.,VERIFIED
SVE-UX-09,UX,Shared closure layer,"Provide helpful empty, unavailable, and blocked-data states.",PLANNED,IMPLEMENTED_PENDING_QA,app/ui/components.py; app/ui/design_system.py; app/ui/plotly_style.py; app/ui/closure_core.py,Implementation exists in the coordinated closure payload; final status depends on tests and rendered review.,VERIFIED
SVE-UX-10,UX,Shared closure layer,Show spinners or status messages for expensive work.,PLANNED,IMPLEMENTED_PENDING_QA,app/ui/components.py; app/ui/design_system.py; app/ui/plotly_style.py; app/ui/closure_core.py,Implementation exists in the coordinated closure payload; final status depends on tests and rendered review.,VERIFIED
SVE-UX-11,UX,Shared closure layer,"Show data source, refresh time, and evidence type where relevant.",PLANNED,IMPLEMENTED_PENDING_QA,app/ui/components.py; app/ui/design_system.py; app/ui/plotly_style.py; app/ui/closure_core.py,Implementation exists in the coordinated closure payload; final status depends on tests and rendered review.,VERIFIED
SVE-UX-12,UX,Shared closure layer,"Use consistent percentages, compact counts, currency, dates, thresholds, and decimals.",PLANNED,IMPLEMENTED_PENDING_QA,app/ui/components.py; app/ui/design_system.py; app/ui/plotly_style.py; app/ui/closure_core.py,Implementation exists in the coordinated closure payload; final status depends on tests and rendered review.,VERIFIED
SVE-UX-13,UX,Shared closure layer,Limit the number of major visuals shown at once.,PLANNED,IMPLEMENTED_PENDING_QA,app/ui/components.py; app/ui/design_system.py; app/ui/plotly_style.py; app/ui/closure_core.py,Implementation exists in the coordinated closure payload; final status depends on tests and rendered review.,VERIFIED
SVE-UX-14,UX,Shared closure layer,"Use searchable, sortable, filterable tables with meaningful column names and export controls.",PLANNED,IMPLEMENTED_PENDING_QA,app/ui/components.py; app/ui/design_system.py; app/ui/plotly_style.py; app/ui/closure_core.py,Implementation exists in the coordinated closure payload; final status depends on tests and rendered review.,VERIFIED
SVE-UX-15,UX,Shared closure layer,Prevent visual changes from breaking the approved current theme.,PLANNED,IMPLEMENTED_PENDING_QA,app/ui/components.py; app/ui/design_system.py; app/ui/plotly_style.py; app/ui/closure_core.py,Implementation exists in the coordinated closure payload; final status depends on tests and rendered review.,VERIFIED
SVE-SHARED-01,SHARED,Shared closure layer,Create shared cross-page filter state using Streamlit session state.,PLANNED,IMPLEMENTED_PENDING_QA,app/ui/closure_core.py; Package 1 shared design system; consolidated QA timing and cache checks,Implementation exists in the coordinated closure payload; final status depends on tests and rendered review.,VERIFIED
SVE-SHARED-02,SHARED,Shared closure layer,Support date or snapshot-window selection where time exists.,PLANNED,IMPLEMENTED_PENDING_QA,app/ui/closure_core.py; Package 1 shared design system; consolidated QA timing and cache checks,Implementation exists in the coordinated closure payload; final status depends on tests and rendered review.,VERIFIED
SVE-SHARED-03,SHARED,Shared closure layer,Support business segment or cluster selection.,PLANNED,IMPLEMENTED_PENDING_QA,app/ui/closure_core.py; Package 1 shared design system; consolidated QA timing and cache checks,Implementation exists in the coordinated closure payload; final status depends on tests and rendered review.,VERIFIED
SVE-SHARED-04,SHARED,Shared closure layer,"Support high, medium, and low intent tiers where applicable.",PLANNED,IMPLEMENTED_PENDING_QA,app/ui/closure_core.py; Package 1 shared design system; consolidated QA timing and cache checks,Implementation exists in the coordinated closure payload; final status depends on tests and rendered review.,VERIFIED
SVE-SHARED-05,SHARED,Shared closure layer,Provide controlled threshold simulation without silently changing production defaults.,PLANNED,IMPLEMENTED_PENDING_QA,app/ui/closure_core.py; Package 1 shared design system; consolidated QA timing and cache checks,Implementation exists in the coordinated closure payload; final status depends on tests and rendered review.,VERIFIED
SVE-SHARED-06,SHARED,Shared closure layer,"Support anomaly flag, severity, and investigation status.",PLANNED,IMPLEMENTED_PENDING_QA,app/ui/closure_core.py; Package 1 shared design system; consolidated QA timing and cache checks,Implementation exists in the coordinated closure payload; final status depends on tests and rendered review.,VERIFIED
SVE-SHARED-07,SHARED,Shared closure layer,"Support relevant customer, score, time, or campaign cohorts.",PLANNED,IMPLEMENTED_PENDING_QA,app/ui/closure_core.py; Package 1 shared design system; consolidated QA timing and cache checks,Implementation exists in the coordinated closure payload; final status depends on tests and rendered review.,VERIFIED
SVE-SHARED-08,SHARED,Shared closure layer,Show active-filter chips or a concise summary.,PLANNED,IMPLEMENTED_PENDING_QA,app/ui/closure_core.py; Package 1 shared design system; consolidated QA timing and cache checks,Implementation exists in the coordinated closure payload; final status depends on tests and rendered review.,VERIFIED
SVE-SHARED-09,SHARED,Shared closure layer,Use st.cache_data for stable transformed tables and chart inputs.,PLANNED,IMPLEMENTED_PENDING_QA,app/ui/closure_core.py; Package 1 shared design system; consolidated QA timing and cache checks,Implementation exists in the coordinated closure payload; final status depends on tests and rendered review.,VERIFIED
SVE-SHARED-10,SHARED,Shared closure layer,"Use st.cache_resource for models, explainers, nearest-neighbor indexes, and reusable heavy objects.",PLANNED,IMPLEMENTED_PENDING_QA,app/ui/closure_core.py; Package 1 shared design system; consolidated QA timing and cache checks,Implementation exists in the coordinated closure payload; final status depends on tests and rendered review.,VERIFIED
SVE-SHARED-11,SHARED,Shared closure layer,"Precompute UMAP, SHAP summaries, backtests, drift history, and large aggregation tables.",PLANNED,CONDITIONAL_PENDING_QA,app/ui/closure_core.py; Package 1 shared design system; consolidated QA timing and cache checks,Precompute only artifacts that exist in the approved pipeline; unsupported UMAP/history remains conditional.,CONDITIONAL
SVE-SHARED-12,SHARED,Shared closure layer,Prefer Parquet or compact derived tables for large interactive inputs.,PLANNED,CONDITIONAL_PENDING_QA,app/ui/closure_core.py; Package 1 shared design system; consolidated QA timing and cache checks,Compact CSV evidence is retained where Parquet is not already produced; conversion is not forced during UI closure.,CONDITIONAL
SVE-SHARED-13,SHARED,Shared closure layer,Use deterministic sampling for dense scatter plots while preserving totals and distribution context.,PLANNED,IMPLEMENTED_PENDING_QA,app/ui/closure_core.py; Package 1 shared design system; consolidated QA timing and cache checks,Implementation exists in the coordinated closure payload; final status depends on tests and rendered review.,VERIFIED
SVE-SHARED-14,SHARED,Shared closure layer,Render expensive sections only when opened or requested.,PLANNED,IMPLEMENTED_PENDING_QA,app/ui/closure_core.py; Package 1 shared design system; consolidated QA timing and cache checks,Implementation exists in the coordinated closure payload; final status depends on tests and rendered review.,VERIFIED
SVE-SHARED-15,SHARED,Shared closure layer,Set page-load and interaction performance targets.,PLANNED,CONDITIONAL_PENDING_QA,app/ui/closure_core.py; Package 1 shared design system; consolidated QA timing and cache checks,Cold/warm timing targets are measured at final QA on the user machine and cloud deployment.,CONDITIONAL
SVE-SHARED-16,SHARED,Shared closure layer,"Define source path, grain, key, required columns, refresh rule, and fallback for every visual.",PLANNED,IMPLEMENTED_PENDING_QA,app/ui/closure_core.py; Package 1 shared design system; consolidated QA timing and cache checks,Implementation exists in the coordinated closure payload; final status depends on tests and rendered review.,VERIFIED
SVE-SHARED-17,SHARED,Shared closure layer,"Record generation time, source hashes, row counts, and parameters for precomputed outputs.",PLANNED,IMPLEMENTED_PENDING_QA,app/ui/closure_core.py; Package 1 shared design system; consolidated QA timing and cache checks,Implementation exists in the coordinated closure payload; final status depends on tests and rendered review.,VERIFIED
SVE-SHARED-18,SHARED,Shared closure layer,"Exports must contain active filters, timestamp, threshold, source, and column definitions.",PLANNED,IMPLEMENTED_PENDING_QA,app/ui/closure_core.py; Package 1 shared design system; consolidated QA timing and cache checks,Implementation exists in the coordinated closure payload; final status depends on tests and rendered review.,VERIFIED
SVE-EXEC-01,EXEC,Package 2 (accepted),"Enhance current KPI cards with context, evidence type, and concise business meaning.",PLANNED,IMPLEMENTED_PENDING_QA,app/Executive_Overview.py; app/ui/executive_intelligence.py; tests/test_package_02_executive_overview.py,Implementation exists in the coordinated closure payload; final status depends on tests and rendered review.,VERIFIED
SVE-EXEC-02,EXEC,Package 2 (accepted),Create an interactive total visitors → scored → eligible → targeted → expected buyers funnel.,PLANNED,IMPLEMENTED_PENDING_QA,app/Executive_Overview.py; app/ui/executive_intelligence.py; tests/test_package_02_executive_overview.py,Implementation exists in the coordinated closure payload; final status depends on tests and rendered review.,VERIFIED
SVE-EXEC-03,EXEC,Package 2 (accepted),"Simulate target size, contact cost, expected buyers, value, and uplift assumptions.",PLANNED,IMPLEMENTED_PENDING_QA,app/Executive_Overview.py; app/ui/executive_intelligence.py; tests/test_package_02_executive_overview.py,Implementation exists in the coordinated closure payload; final status depends on tests and rendered review.,VERIFIED
SVE-EXEC-04,EXEC,Package 2 (accepted),Show audience reduction versus buyer capture and campaign efficiency.,PLANNED,IMPLEMENTED_PENDING_QA,app/Executive_Overview.py; app/ui/executive_intelligence.py; tests/test_package_02_executive_overview.py,Implementation exists in the coordinated closure payload; final status depends on tests and rendered review.,VERIFIED
SVE-EXEC-05,EXEC,Package 2 (accepted),"Show composition of the selected target audience by segment, intent tier, and anomaly status.",PLANNED,IMPLEMENTED_PENDING_QA,app/Executive_Overview.py; app/ui/executive_intelligence.py; tests/test_package_02_executive_overview.py,Implementation exists in the coordinated closure payload; final status depends on tests and rendered review.,VERIFIED
SVE-EXEC-06,EXEC,Package 2 (accepted),"Show champion, threshold, validation/holdout evidence, and probability reliability at executive level.",PLANNED,IMPLEMENTED_PENDING_QA,app/Executive_Overview.py; app/ui/executive_intelligence.py; tests/test_package_02_executive_overview.py,Implementation exists in the coordinated closure payload; final status depends on tests and rendered review.,VERIFIED
SVE-EXEC-07,EXEC,Package 2 (accepted),Show a compact forward KPI outlook with uncertainty and scenario context.,PLANNED,IMPLEMENTED_PENDING_QA,app/Executive_Overview.py; app/ui/executive_intelligence.py; tests/test_package_02_executive_overview.py,Implementation exists in the coordinated closure payload; final status depends on tests and rendered review.,VERIFIED
SVE-EXEC-08,EXEC,Package 2 (accepted),"Show current anomaly volume, rate, severity, and key affected segment.",PLANNED,IMPLEMENTED_PENDING_QA,app/Executive_Overview.py; app/ui/executive_intelligence.py; tests/test_package_02_executive_overview.py,Implementation exists in the coordinated closure payload; final status depends on tests and rendered review.,VERIFIED
SVE-EXEC-09,EXEC,Package 2 (accepted),"Show application, scoring, drift, alerts, and label readiness in one compact strip.",PLANNED,IMPLEMENTED_PENDING_QA,app/Executive_Overview.py; app/ui/executive_intelligence.py; tests/test_package_02_executive_overview.py,Implementation exists in the coordinated closure payload; final status depends on tests and rendered review.,VERIFIED
SVE-EXEC-10,EXEC,Package 2 (accepted),Generate a concise decision summary from active filters and actual results.,PLANNED,IMPLEMENTED_PENDING_QA,app/Executive_Overview.py; app/ui/executive_intelligence.py; tests/test_package_02_executive_overview.py,Implementation exists in the coordinated closure payload; final status depends on tests and rendered review.,VERIFIED
SVE-EXEC-11,EXEC,Package 2 (accepted),"Add clear links to investigate model, audience, forecasts, anomalies, and monitoring.",PLANNED,EXCLUDED_ACCEPTED,app/Executive_Overview.py; app/ui/executive_intelligence.py; tests/test_package_02_executive_overview.py,User accepted Package 2 without visible investigation links or executive CSV download; do not claim implementation.,EXCLUDED
SVE-EXEC-12,EXEC,Package 2 (accepted),Provide an exportable filtered executive brief or summary table.,PLANNED,EXCLUDED_ACCEPTED,app/Executive_Overview.py; app/ui/executive_intelligence.py; tests/test_package_02_executive_overview.py,User accepted Package 2 without visible investigation links or executive CSV download; do not claim implementation.,EXCLUDED
SVE-SEG-01,SEG,Package 6,"Interactive PCA map with clusters, segment filters, hover detail, centroids, and explained variance.",PLANNED,IMPLEMENTED_PENDING_QA,app/pages/9_Customer_Segmentation_Journey.py; app/ui/customer_segmentation_journey.py; Package 1 ML validation tables,Implementation exists in the coordinated closure payload; final status depends on tests and rendered review.,VERIFIED
SVE-SEG-02,SEG,Package 6,Interactive UMAP map for local visitor structure and boundary exploration.,PLANNED,CONDITIONAL_PENDING_QA,app/pages/9_Customer_Segmentation_Journey.py; app/ui/customer_segmentation_journey.py; Package 1 ML validation tables,No approved UMAP embedding artifact exists; PCA remains the verified projection.,CONDITIONAL
SVE-SEG-03,SEG,Package 6,Compare normalized feature profiles across clusters.,PLANNED,IMPLEMENTED_PENDING_QA,app/pages/9_Customer_Segmentation_Journey.py; app/ui/customer_segmentation_journey.py; Package 1 ML validation tables,Implementation exists in the coordinated closure payload; final status depends on tests and rendered review.,VERIFIED
SVE-SEG-04,SEG,Package 6,"Show size, conversion rate, intent, cart behavior, anomaly rate, and value proxy by cluster.",PLANNED,IMPLEMENTED_PENDING_QA,app/pages/9_Customer_Segmentation_Journey.py; app/ui/customer_segmentation_journey.py; Package 1 ML validation tables,Implementation exists in the coordinated closure payload; final status depends on tests and rendered review.,VERIFIED
SVE-SEG-05,SEG,Package 6,Compare selected clusters across a controlled set of comparable metrics.,PLANNED,IMPLEMENTED_PENDING_QA,app/pages/9_Customer_Segmentation_Journey.py; app/ui/customer_segmentation_journey.py; Package 1 ML validation tables,Implementation exists in the coordinated closure payload; final status depends on tests and rendered review.,VERIFIED
SVE-SEG-06,SEG,Package 6,"Create evidence-based cluster personas with behavior, opportunity, risk, and recommended action.",PLANNED,IMPLEMENTED_PENDING_QA,app/pages/9_Customer_Segmentation_Journey.py; app/ui/customer_segmentation_journey.py; Package 1 ML validation tables,Implementation exists in the coordinated closure payload; final status depends on tests and rendered review.,VERIFIED
SVE-SEG-07,SEG,Package 6,"Show silhouette, Davies-Bouldin, Calinski-Harabasz, size balance, and stability where available.",PLANNED,IMPLEMENTED_PENDING_QA,app/pages/9_Customer_Segmentation_Journey.py; app/ui/customer_segmentation_journey.py; Package 1 ML validation tables,Implementation exists in the coordinated closure payload; final status depends on tests and rendered review.,VERIFIED
SVE-SEG-08,SEG,Package 6,Show boundary or assignment confidence where the method supports it.,CONDITIONAL,CONDITIONAL_PENDING_QA,app/pages/9_Customer_Segmentation_Journey.py; app/ui/customer_segmentation_journey.py; Package 1 ML validation tables,K-Means assignment confidence is not directly supported by the saved artifacts.,CONDITIONAL
SVE-SEG-09,SEG,Package 6,Show movement between segment snapshots when comparable time snapshots exist.,CONDITIONAL,CONDITIONAL_PENDING_QA,app/pages/9_Customer_Segmentation_Journey.py; app/ui/customer_segmentation_journey.py; Package 1 ML validation tables,Comparable historical segment snapshots are not available.,CONDITIONAL
SVE-SEG-10,SEG,Package 6,Provide searchable visitor table for a selected cluster.,PLANNED,IMPLEMENTED_PENDING_QA,app/pages/9_Customer_Segmentation_Journey.py; app/ui/customer_segmentation_journey.py; Package 1 ML validation tables,Implementation exists in the coordinated closure payload; final status depends on tests and rendered review.,VERIFIED
SVE-SEG-11,SEG,Package 6,"Map segments to campaign approach, retention action, investigation need, and expected value.",PLANNED,IMPLEMENTED_PENDING_QA,app/pages/9_Customer_Segmentation_Journey.py; app/ui/customer_segmentation_journey.py; Package 1 ML validation tables,Implementation exists in the coordinated closure payload; final status depends on tests and rendered review.,VERIFIED
SVE-SEG-12,SEG,Package 6,Export filtered cluster profiles and visitor assignments.,PLANNED,IMPLEMENTED_PENDING_QA,app/pages/9_Customer_Segmentation_Journey.py; app/ui/customer_segmentation_journey.py; Package 1 ML validation tables,Implementation exists in the coordinated closure payload; final status depends on tests and rendered review.,VERIFIED
SVE-KNN-01,KNN,Package 5,Search by visitor ID or select a visitor from filtered results.,PLANNED,IMPLEMENTED_PENDING_QA,app/pages/1_Visitor_Intent_Predictor.py; app/ui/visitor_similarity_explainability.py; cached scaled neighbour index,Implementation exists in the coordinated closure payload; final status depends on tests and rendered review.,VERIFIED
SVE-KNN-02,KNN,Package 5,Build or load a cached scaled nearest-neighbor index using approved model features.,PLANNED,IMPLEMENTED_PENDING_QA,app/pages/1_Visitor_Intent_Predictor.py; app/ui/visitor_similarity_explainability.py; cached scaled neighbour index,Implementation exists in the coordinated closure payload; final status depends on tests and rendered review.,VERIFIED
SVE-KNN-03,KNN,Package 5,"Show nearest visitors, distance, intent, segment, anomaly status, and outcome evidence where available.",PLANNED,IMPLEMENTED_PENDING_QA,app/pages/1_Visitor_Intent_Predictor.py; app/ui/visitor_similarity_explainability.py; cached scaled neighbour index,Implementation exists in the coordinated closure payload; final status depends on tests and rendered review.,VERIFIED
SVE-KNN-04,KNN,Package 5,Compare selected visitor with neighbors on key features.,PLANNED,IMPLEMENTED_PENDING_QA,app/pages/1_Visitor_Intent_Predictor.py; app/ui/visitor_similarity_explainability.py; cached scaled neighbour index,Implementation exists in the coordinated closure payload; final status depends on tests and rendered review.,VERIFIED
SVE-KNN-05,KNN,Package 5,Explain which features make two visitors similar or different.,PLANNED,IMPLEMENTED_PENDING_QA,app/pages/1_Visitor_Intent_Predictor.py; app/ui/visitor_similarity_explainability.py; cached scaled neighbour index,Implementation exists in the coordinated closure payload; final status depends on tests and rendered review.,VERIFIED
SVE-KNN-06,KNN,Package 5,"Show local score, segment, anomaly, and conversion-label composition.",PLANNED,IMPLEMENTED_PENDING_QA,app/pages/1_Visitor_Intent_Predictor.py; app/ui/visitor_similarity_explainability.py; cached scaled neighbour index,Implementation exists in the coordinated closure payload; final status depends on tests and rendered review.,VERIFIED
SVE-KNN-07,KNN,Package 5,Suggest business actions based on selected visitor and neighborhood patterns.,PLANNED,IMPLEMENTED_PENDING_QA,app/pages/1_Visitor_Intent_Predictor.py; app/ui/visitor_similarity_explainability.py; cached scaled neighbour index,Implementation exists in the coordinated closure payload; final status depends on tests and rendered review.,VERIFIED
SVE-KNN-08,KNN,Package 5,Allow neighbor count and feature-set selection within safe bounds.,PLANNED,IMPLEMENTED_PENDING_QA,app/pages/1_Visitor_Intent_Predictor.py; app/ui/visitor_similarity_explainability.py; cached scaled neighbour index,Implementation exists in the coordinated closure payload; final status depends on tests and rendered review.,VERIFIED
SVE-KNN-09,KNN,Package 5,Keep index loading and search responsive through caching and precomputation.,PLANNED,IMPLEMENTED_PENDING_QA,app/pages/1_Visitor_Intent_Predictor.py; app/ui/visitor_similarity_explainability.py; cached scaled neighbour index,Implementation exists in the coordinated closure payload; final status depends on tests and rendered review.,VERIFIED
SVE-KNN-10,KNN,Package 5,Export selected visitor and neighbor comparison with metadata.,PLANNED,IMPLEMENTED_PENDING_QA,app/pages/1_Visitor_Intent_Predictor.py; app/ui/visitor_similarity_explainability.py; cached scaled neighbour index,Implementation exists in the coordinated closure payload; final status depends on tests and rendered review.,VERIFIED
SVE-BATCH-01,BATCH,Package 3,"Improve upload diagnostics, schema feedback, row counts, and rejected-row explanations.",PLANNED,IMPLEMENTED_PENDING_QA,app/pages/2_Batch_Scoring.py; app/ui/campaign_intelligence.py; tests/test_closure_sprint_intelligence.py,Implementation exists in the coordinated closure payload; final status depends on tests and rendered review.,VERIFIED
SVE-BATCH-02,BATCH,Package 3,Interactive score histogram or density view with threshold and intent bands.,PLANNED,IMPLEMENTED_PENDING_QA,app/pages/2_Batch_Scoring.py; app/ui/campaign_intelligence.py; tests/test_closure_sprint_intelligence.py,Implementation exists in the coordinated closure payload; final status depends on tests and rendered review.,VERIFIED
SVE-BATCH-03,BATCH,Package 3,"Show score bands, expected buyer concentration, segment mix, and anomaly mix.",PLANNED,IMPLEMENTED_PENDING_QA,app/pages/2_Batch_Scoring.py; app/ui/campaign_intelligence.py; tests/test_closure_sprint_intelligence.py,Implementation exists in the coordinated closure payload; final status depends on tests and rendered review.,VERIFIED
SVE-BATCH-04,BATCH,Package 3,"Show target size, capture, precision proxy, cost, and scenario outcomes by threshold.",PLANNED,IMPLEMENTED_PENDING_QA,app/pages/2_Batch_Scoring.py; app/ui/campaign_intelligence.py; tests/test_closure_sprint_intelligence.py,Implementation exists in the coordinated closure payload; final status depends on tests and rendered review.,VERIFIED
SVE-BATCH-05,BATCH,Package 3,Allow campaign-capacity limits and show the highest-priority audience within capacity.,PLANNED,IMPLEMENTED_PENDING_QA,app/pages/2_Batch_Scoring.py; app/ui/campaign_intelligence.py; tests/test_closure_sprint_intelligence.py,Implementation exists in the coordinated closure payload; final status depends on tests and rendered review.,VERIFIED
SVE-BATCH-06,BATCH,Package 3,Compare multiple targeting strategies side by side.,PLANNED,IMPLEMENTED_PENDING_QA,app/pages/2_Batch_Scoring.py; app/ui/campaign_intelligence.py; tests/test_closure_sprint_intelligence.py,Implementation exists in the coordinated closure payload; final status depends on tests and rendered review.,VERIFIED
SVE-BATCH-07,BATCH,Package 3,Explain how filters and rules reduce the audience.,PLANNED,IMPLEMENTED_PENDING_QA,app/pages/2_Batch_Scoring.py; app/ui/campaign_intelligence.py; tests/test_closure_sprint_intelligence.py,Implementation exists in the coordinated closure payload; final status depends on tests and rendered review.,VERIFIED
SVE-BATCH-08,BATCH,Package 3,"Provide score, tier, key drivers, segment, anomaly, and action for selected rows.",PLANNED,IMPLEMENTED_PENDING_QA,app/pages/2_Batch_Scoring.py; app/ui/campaign_intelligence.py; tests/test_closure_sprint_intelligence.py,Implementation exists in the coordinated closure payload; final status depends on tests and rendered review.,VERIFIED
SVE-BATCH-09,BATCH,Package 3,"Export campaign-ready file with rank, score, tier, threshold, segment, explanation, and metadata.",PLANNED,IMPLEMENTED_PENDING_QA,app/pages/2_Batch_Scoring.py; app/ui/campaign_intelligence.py; tests/test_closure_sprint_intelligence.py,Implementation exists in the coordinated closure payload; final status depends on tests and rendered review.,VERIFIED
SVE-BATCH-10,BATCH,Package 3,Generate actual-number findings and recommended campaign action.,PLANNED,IMPLEMENTED_PENDING_QA,app/pages/2_Batch_Scoring.py; app/ui/campaign_intelligence.py; tests/test_closure_sprint_intelligence.py,Implementation exists in the coordinated closure payload; final status depends on tests and rendered review.,VERIFIED
SVE-MODEL-01,MODEL,Package 4,"Show champion model, version, threshold, feature schema, data split, and evidence dates.",PLANNED,IMPLEMENTED_PENDING_QA,app/pages/3_Model_Benchmark_Selection.py; app/ui/model_decision_intelligence.py; saved champion/threshold evidence,Implementation exists in the coordinated closure payload; final status depends on tests and rendered review.,VERIFIED
SVE-MODEL-02,MODEL,Package 4,Interactive multi-metric model comparison with validation and holdout separation.,PLANNED,IMPLEMENTED_PENDING_QA,app/pages/3_Model_Benchmark_Selection.py; app/ui/model_decision_intelligence.py; saved champion/threshold evidence,Implementation exists in the coordinated closure payload; final status depends on tests and rendered review.,VERIFIED
SVE-MODEL-03,MODEL,Package 4,Show precision-recall or business-score frontier across candidates.,PLANNED,IMPLEMENTED_PENDING_QA,app/pages/3_Model_Benchmark_Selection.py; app/ui/model_decision_intelligence.py; saved champion/threshold evidence,Implementation exists in the coordinated closure payload; final status depends on tests and rendered review.,VERIFIED
SVE-MODEL-04,MODEL,Package 4,"Interactive ROC curve with AUC, operating point, and plain-language explanation.",PLANNED,CONDITIONAL_PENDING_QA,app/pages/3_Model_Benchmark_Selection.py; app/ui/model_decision_intelligence.py; saved champion/threshold evidence,Full ROC point-level curve artifact was not saved; AUC and operating-point evidence remain available.,CONDITIONAL
SVE-MODEL-05,MODEL,Package 4,Interactive PR curve with baseline prevalence and operating point.,PLANNED,IMPLEMENTED_PENDING_QA,app/pages/3_Model_Benchmark_Selection.py; app/ui/model_decision_intelligence.py; saved champion/threshold evidence,Implementation exists in the coordinated closure payload; final status depends on tests and rendered review.,VERIFIED
SVE-MODEL-06,MODEL,Package 4,"Interactive confusion matrix with counts, rates, business costs, and threshold.",PLANNED,IMPLEMENTED_PENDING_QA,app/pages/3_Model_Benchmark_Selection.py; app/ui/model_decision_intelligence.py; saved champion/threshold evidence,Implementation exists in the coordinated closure payload; final status depends on tests and rendered review.,VERIFIED
SVE-MODEL-07,MODEL,Package 4,"Show precision, recall, F1, target share, and buyer capture across thresholds.",PLANNED,IMPLEMENTED_PENDING_QA,app/pages/3_Model_Benchmark_Selection.py; app/ui/model_decision_intelligence.py; saved champion/threshold evidence,Implementation exists in the coordinated closure payload; final status depends on tests and rendered review.,VERIFIED
SVE-MODEL-08,MODEL,Package 4,"Translate threshold changes into audience, expected buyers, cost, and value.",PLANNED,IMPLEMENTED_PENDING_QA,app/pages/3_Model_Benchmark_Selection.py; app/ui/model_decision_intelligence.py; saved champion/threshold evidence,Implementation exists in the coordinated closure payload; final status depends on tests and rendered review.,VERIFIED
SVE-MODEL-09,MODEL,Package 4,Show predicted probability versus observed frequency with bin counts.,PLANNED,CONDITIONAL_PENDING_QA,app/pages/3_Model_Benchmark_Selection.py; app/ui/model_decision_intelligence.py; saved champion/threshold evidence,Calibration-bin evidence was not saved; probability reliability is described without inventing calibration.,CONDITIONAL
SVE-MODEL-10,MODEL,Package 4,Compare score distributions by actual class or relevant cohort.,PLANNED,IMPLEMENTED_PENDING_QA,app/pages/3_Model_Benchmark_Selection.py; app/ui/model_decision_intelligence.py; saved champion/threshold evidence,Implementation exists in the coordinated closure payload; final status depends on tests and rendered review.,VERIFIED
SVE-MODEL-11,MODEL,Package 4,Compare validation and untouched holdout performance.,PLANNED,IMPLEMENTED_PENDING_QA,app/pages/3_Model_Benchmark_Selection.py; app/ui/model_decision_intelligence.py; saved champion/threshold evidence,Implementation exists in the coordinated closure payload; final status depends on tests and rendered review.,VERIFIED
SVE-MODEL-12,MODEL,Package 4,"Show available fold, seed, bootstrap, or sensitivity evidence.",CONDITIONAL,CONDITIONAL_PENDING_QA,app/pages/3_Model_Benchmark_Selection.py; app/ui/model_decision_intelligence.py; saved champion/threshold evidence,Only saved seed/stability/sensitivity evidence is shown.,CONDITIONAL
SVE-MODEL-13,MODEL,Package 4,Show genuine ecommerce MLflow evidence only.,CONDITIONAL,CONDITIONAL_PENDING_QA,app/pages/3_Model_Benchmark_Selection.py; app/ui/model_decision_intelligence.py; saved champion/threshold evidence,Only verified ecommerce MLflow registry evidence is shown; no synthetic experiment history.,CONDITIONAL
SVE-MODEL-14,MODEL,Package 4,"Export model comparison, threshold table, and metadata.",PLANNED,IMPLEMENTED_PENDING_QA,app/pages/3_Model_Benchmark_Selection.py; app/ui/model_decision_intelligence.py; saved champion/threshold evidence,Implementation exists in the coordinated closure payload; final status depends on tests and rendered review.,VERIFIED
SVE-XAI-01,XAI,Package 5,Interactive SHAP global importance using approved feature names.,PLANNED,IMPLEMENTED_PENDING_QA,app/pages/1_Visitor_Intent_Predictor.py; app/ui/visitor_similarity_explainability.py; native contribution evidence,Implementation exists in the coordinated closure payload; final status depends on tests and rendered review.,VERIFIED
SVE-XAI-02,XAI,Package 5,Show feature impact direction and magnitude across visitors.,PLANNED,IMPLEMENTED_PENDING_QA,app/pages/1_Visitor_Intent_Predictor.py; app/ui/visitor_similarity_explainability.py; native contribution evidence,Implementation exists in the coordinated closure payload; final status depends on tests and rendered review.,VERIFIED
SVE-XAI-03,XAI,Package 5,Show effect pattern for selected important features.,PLANNED,CONDITIONAL_PENDING_QA,app/pages/1_Visitor_Intent_Predictor.py; app/ui/visitor_similarity_explainability.py; native contribution evidence,No approved per-feature dependence table exists; global and local contribution evidence is shown instead.,CONDITIONAL
SVE-XAI-04,XAI,Package 5,Explain one visitor score with positive and negative drivers.,PLANNED,IMPLEMENTED_PENDING_QA,app/pages/1_Visitor_Intent_Predictor.py; app/ui/visitor_similarity_explainability.py; native contribution evidence,Implementation exists in the coordinated closure payload; final status depends on tests and rendered review.,VERIFIED
SVE-XAI-05,XAI,Package 5,Show top positive and negative contributions with readable labels.,PLANNED,IMPLEMENTED_PENDING_QA,app/pages/1_Visitor_Intent_Predictor.py; app/ui/visitor_similarity_explainability.py; native contribution evidence,Implementation exists in the coordinated closure payload; final status depends on tests and rendered review.,VERIFIED
SVE-XAI-06,XAI,Package 5,Translate local drivers into simple business language.,PLANNED,IMPLEMENTED_PENDING_QA,app/pages/1_Visitor_Intent_Predictor.py; app/ui/visitor_similarity_explainability.py; native contribution evidence,Implementation exists in the coordinated closure payload; final status depends on tests and rendered review.,VERIFIED
SVE-XAI-07,XAI,Package 5,"Show safe, non-causal 'what would change the score' scenarios where technically defensible.",CONDITIONAL,CONDITIONAL_PENDING_QA,app/pages/1_Visitor_Intent_Predictor.py; app/ui/visitor_similarity_explainability.py; native contribution evidence,Counterfactual score changes are excluded unless technically defensible; non-causal driver guidance only.,CONDITIONAL
SVE-XAI-08,XAI,Package 5,Compare important drivers across segments or score tiers.,PLANNED,CONDITIONAL_PENDING_QA,app/pages/1_Visitor_Intent_Predictor.py; app/ui/visitor_similarity_explainability.py; native contribution evidence,Segment/tier driver comparison depends on saved contribution rows with compatible segment labels.,CONDITIONAL
SVE-XAI-09,XAI,Package 5,Show data distance or support warning for unusual visitors.,CONDITIONAL,CONDITIONAL_PENDING_QA,app/pages/1_Visitor_Intent_Predictor.py; app/ui/visitor_similarity_explainability.py; native contribution evidence,"Distance/support warning is available from neighbourhood and anomaly evidence, not a formal uncertainty interval.",CONDITIONAL
SVE-XAI-10,XAI,Package 5,"Provide business definitions, units, formulas, and source for each feature.",PLANNED,IMPLEMENTED_PENDING_QA,app/pages/1_Visitor_Intent_Predictor.py; app/ui/visitor_similarity_explainability.py; native contribution evidence,Implementation exists in the coordinated closure payload; final status depends on tests and rendered review.,VERIFIED
SVE-XAI-11,XAI,Package 5,Cache model and explainer; compute local explanation only on demand.,PLANNED,IMPLEMENTED_PENDING_QA,app/pages/1_Visitor_Intent_Predictor.py; app/ui/visitor_similarity_explainability.py; native contribution evidence,Implementation exists in the coordinated closure payload; final status depends on tests and rendered review.,VERIFIED
SVE-XAI-12,XAI,Package 5,"Export visitor score, drivers, model version, and disclaimer.",PLANNED,IMPLEMENTED_PENDING_QA,app/pages/1_Visitor_Intent_Predictor.py; app/ui/visitor_similarity_explainability.py; native contribution evidence,Implementation exists in the coordinated closure payload; final status depends on tests and rendered review.,VERIFIED
SVE-FCST-01,FCST,Package 7,"Allow supported KPI, horizon, and scenario selection.",PLANNED,IMPLEMENTED_PENDING_QA,app/pages/4_Business_KPI_Forecasting.py; app/ui/operations_intelligence.py; saved forecast/backtest tables,Implementation exists in the coordinated closure payload; final status depends on tests and rendered review.,VERIFIED
SVE-FCST-02,FCST,Package 7,Interactive historical and future forecast with clear boundary.,PLANNED,IMPLEMENTED_PENDING_QA,app/pages/4_Business_KPI_Forecasting.py; app/ui/operations_intelligence.py; saved forecast/backtest tables,Implementation exists in the coordinated closure payload; final status depends on tests and rendered review.,VERIFIED
SVE-FCST-03,FCST,Package 7,Show uncertainty bands and explain their meaning.,PLANNED,IMPLEMENTED_PENDING_QA,app/pages/4_Business_KPI_Forecasting.py; app/ui/operations_intelligence.py; saved forecast/backtest tables,Implementation exists in the coordinated closure payload; final status depends on tests and rendered review.,VERIFIED
SVE-FCST-04,FCST,Package 7,Show historical actual versus forecast performance.,PLANNED,IMPLEMENTED_PENDING_QA,app/pages/4_Business_KPI_Forecasting.py; app/ui/operations_intelligence.py; saved forecast/backtest tables,Implementation exists in the coordinated closure payload; final status depends on tests and rendered review.,VERIFIED
SVE-FCST-05,FCST,Package 7,"Show residual over time, distribution, and major outliers.",PLANNED,IMPLEMENTED_PENDING_QA,app/pages/4_Business_KPI_Forecasting.py; app/ui/operations_intelligence.py; saved forecast/backtest tables,Implementation exists in the coordinated closure payload; final status depends on tests and rendered review.,VERIFIED
SVE-FCST-06,FCST,Package 7,"Show MAE, RMSE, MAPE or appropriate metrics with plain meaning.",PLANNED,IMPLEMENTED_PENDING_QA,app/pages/4_Business_KPI_Forecasting.py; app/ui/operations_intelligence.py; saved forecast/backtest tables,Implementation exists in the coordinated closure payload; final status depends on tests and rendered review.,VERIFIED
SVE-FCST-07,FCST,Package 7,"Compare baseline, optimistic, and conservative business scenarios.",PLANNED,IMPLEMENTED_PENDING_QA,app/pages/4_Business_KPI_Forecasting.py; app/ui/operations_intelligence.py; saved forecast/backtest tables,Implementation exists in the coordinated closure payload; final status depends on tests and rendered review.,VERIFIED
SVE-FCST-08,FCST,Package 7,Compare linked operational KPIs where supported.,PLANNED,IMPLEMENTED_PENDING_QA,app/pages/4_Business_KPI_Forecasting.py; app/ui/operations_intelligence.py; saved forecast/backtest tables,Implementation exists in the coordinated closure payload; final status depends on tests and rendered review.,VERIFIED
SVE-FCST-09,FCST,Package 7,Show available feature or decomposition evidence for forecast changes.,CONDITIONAL,CONDITIONAL_PENDING_QA,app/pages/4_Business_KPI_Forecasting.py; app/ui/operations_intelligence.py; saved forecast/backtest tables,Forecast decomposition/feature evidence is shown only when saved by the approved model pipeline.,CONDITIONAL
SVE-FCST-10,FCST,Package 7,Highlight unusual forecast periods or widening uncertainty.,PLANNED,IMPLEMENTED_PENDING_QA,app/pages/4_Business_KPI_Forecasting.py; app/ui/operations_intelligence.py; saved forecast/backtest tables,Implementation exists in the coordinated closure payload; final status depends on tests and rendered review.,VERIFIED
SVE-FCST-11,FCST,Package 7,"Generate actual-number outlook, risk, and recommended planning action.",PLANNED,IMPLEMENTED_PENDING_QA,app/pages/4_Business_KPI_Forecasting.py; app/ui/operations_intelligence.py; saved forecast/backtest tables,Implementation exists in the coordinated closure payload; final status depends on tests and rendered review.,VERIFIED
SVE-FCST-12,FCST,Package 7,"Download filtered forecast, intervals, assumptions, and backtest metrics.",PLANNED,IMPLEMENTED_PENDING_QA,app/pages/4_Business_KPI_Forecasting.py; app/ui/operations_intelligence.py; saved forecast/backtest tables,Implementation exists in the coordinated closure payload; final status depends on tests and rendered review.,VERIFIED
SVE-JOURNEY-01,JOURNEY,Package 6,Show view → add-to-cart → transaction counts and rates.,PLANNED,IMPLEMENTED_PENDING_QA,app/pages/9_Customer_Segmentation_Journey.py; app/ui/customer_segmentation_journey.py; visitor snapshot evidence,Implementation exists in the coordinated closure payload; final status depends on tests and rendered review.,VERIFIED
SVE-JOURNEY-02,JOURNEY,Package 6,Compare funnel performance across segments or intent tiers.,PLANNED,IMPLEMENTED_PENDING_QA,app/pages/9_Customer_Segmentation_Journey.py; app/ui/customer_segmentation_journey.py; visitor snapshot evidence,Implementation exists in the coordinated closure payload; final status depends on tests and rendered review.,VERIFIED
SVE-JOURNEY-03,JOURNEY,Package 6,Show supported event transitions and major paths.,PLANNED,CONDITIONAL_PENDING_QA,app/pages/9_Customer_Segmentation_Journey.py; app/ui/customer_segmentation_journey.py; visitor snapshot evidence,Exact ordered event transitions require event-level sequence evidence; aggregate paths only where supported.,CONDITIONAL
SVE-JOURNEY-04,JOURNEY,Package 6,Highlight largest stage losses and affected segments.,PLANNED,IMPLEMENTED_PENDING_QA,app/pages/9_Customer_Segmentation_Journey.py; app/ui/customer_segmentation_journey.py; visitor snapshot evidence,Implementation exists in the coordinated closure payload; final status depends on tests and rendered review.,VERIFIED
SVE-JOURNEY-05,JOURNEY,Package 6,Compare frequent converting and non-converting path patterns.,PLANNED,CONDITIONAL_PENDING_QA,app/pages/9_Customer_Segmentation_Journey.py; app/ui/customer_segmentation_journey.py; visitor snapshot evidence,Converting/non-converting path comparison depends on compatible ordered event histories.,CONDITIONAL
SVE-JOURNEY-06,JOURNEY,Package 6,"Show time between view, cart, and transaction where timestamps support it.",PLANNED,CONDITIONAL_PENDING_QA,app/pages/9_Customer_Segmentation_Journey.py; app/ui/customer_segmentation_journey.py; visitor snapshot evidence,Exact stage durations require event timestamps at the required grain.,CONDITIONAL
SVE-JOURNEY-07,JOURNEY,Package 6,"Support segment, intent tier, anomaly, item, and date filters where available.",PLANNED,CONDITIONAL_PENDING_QA,app/pages/9_Customer_Segmentation_Journey.py; app/ui/customer_segmentation_journey.py; visitor snapshot evidence,Only filters supported by available snapshot columns are enabled.,CONDITIONAL
SVE-JOURNEY-08,JOURNEY,Package 6,Provide aggregated path table and selected visitor trace where appropriate.,PLANNED,IMPLEMENTED_PENDING_QA,app/pages/9_Customer_Segmentation_Journey.py; app/ui/customer_segmentation_journey.py; visitor snapshot evidence,Implementation exists in the coordinated closure payload; final status depends on tests and rendered review.,VERIFIED
SVE-JOURNEY-09,JOURNEY,Package 6,Suggest funnel improvement actions based on actual drop-offs.,PLANNED,IMPLEMENTED_PENDING_QA,app/pages/9_Customer_Segmentation_Journey.py; app/ui/customer_segmentation_journey.py; visitor snapshot evidence,Implementation exists in the coordinated closure payload; final status depends on tests and rendered review.,VERIFIED
SVE-JOURNEY-10,JOURNEY,Package 6,Export aggregated funnel and transition evidence.,PLANNED,IMPLEMENTED_PENDING_QA,app/pages/9_Customer_Segmentation_Journey.py; app/ui/customer_segmentation_journey.py; visitor snapshot evidence,Implementation exists in the coordinated closure payload; final status depends on tests and rendered review.,VERIFIED
SVE-ANOM-01,ANOM,Package 7,"Show anomaly count, rate, severity, affected segments, and latest evidence time.",PLANNED,IMPLEMENTED_PENDING_QA,app/pages/5_Anomaly_Outlier.py; app/ui/operations_intelligence.py; saved anomaly tables,Implementation exists in the coordinated closure payload; final status depends on tests and rendered review.,VERIFIED
SVE-ANOM-02,ANOM,Package 7,Enhance purchase-intent versus anomaly-risk view with filters and hover detail.,PLANNED,IMPLEMENTED_PENDING_QA,app/pages/5_Anomaly_Outlier.py; app/ui/operations_intelligence.py; saved anomaly tables,Implementation exists in the coordinated closure payload; final status depends on tests and rendered review.,VERIFIED
SVE-ANOM-03,ANOM,Package 7,Show selected anomalous visitor against normal and segment baselines.,PLANNED,IMPLEMENTED_PENDING_QA,app/pages/5_Anomaly_Outlier.py; app/ui/operations_intelligence.py; saved anomaly tables,Implementation exists in the coordinated closure payload; final status depends on tests and rendered review.,VERIFIED
SVE-ANOM-04,ANOM,Package 7,Compare anomaly rate and severity across business segments.,PLANNED,IMPLEMENTED_PENDING_QA,app/pages/5_Anomaly_Outlier.py; app/ui/operations_intelligence.py; saved anomaly tables,Implementation exists in the coordinated closure payload; final status depends on tests and rendered review.,VERIFIED
SVE-ANOM-05,ANOM,Package 7,"Show rule, model, or signal contribution to anomaly status.",PLANNED,IMPLEMENTED_PENDING_QA,app/pages/5_Anomaly_Outlier.py; app/ui/operations_intelligence.py; saved anomaly tables,Implementation exists in the coordinated closure payload; final status depends on tests and rendered review.,VERIFIED
SVE-ANOM-06,ANOM,Package 7,"Provide sortable table with severity, reason, intent, segment, and recommended review.",PLANNED,IMPLEMENTED_PENDING_QA,app/pages/5_Anomaly_Outlier.py; app/ui/operations_intelligence.py; saved anomaly tables,Implementation exists in the coordinated closure payload; final status depends on tests and rendered review.,VERIFIED
SVE-ANOM-07,ANOM,Package 7,Show behavior timeline or feature evidence for selected visitor.,CONDITIONAL,CONDITIONAL_PENDING_QA,app/pages/5_Anomaly_Outlier.py; app/ui/operations_intelligence.py; saved anomaly tables,Historical anomaly trend requires repeated comparable snapshots.,CONDITIONAL
SVE-ANOM-08,ANOM,Package 7,Show anomaly volume and rate over time where snapshots exist.,CONDITIONAL,CONDITIONAL_PENDING_QA,app/pages/5_Anomaly_Outlier.py; app/ui/operations_intelligence.py; saved anomaly tables,"Root-cause evidence is limited to saved rule, feature and neighbourhood signals; no causal claim.",CONDITIONAL
SVE-ANOM-09,ANOM,Package 7,"Map anomaly patterns to review, suppress, monitor, or campaign-safe actions.",PLANNED,IMPLEMENTED_PENDING_QA,app/pages/5_Anomaly_Outlier.py; app/ui/operations_intelligence.py; saved anomaly tables,Implementation exists in the coordinated closure payload; final status depends on tests and rendered review.,VERIFIED
SVE-ANOM-10,ANOM,Package 7,Export filtered investigation table with evidence metadata.,PLANNED,IMPLEMENTED_PENDING_QA,app/pages/5_Anomaly_Outlier.py; app/ui/operations_intelligence.py; saved anomaly tables,Implementation exists in the coordinated closure payload; final status depends on tests and rendered review.,VERIFIED
SVE-MON-01,MON,Package 7,"Show app, exporter, monitoring snapshot, model artifact, and data status.",PLANNED,IMPLEMENTED_PENDING_QA,app/pages/6_Monitoring_Drift_Health.py; app/ui/operations_intelligence.py; Evidently and delayed-label evidence,Implementation exists in the coordinated closure payload; final status depends on tests and rendered review.,VERIFIED
SVE-MON-02,MON,Package 7,Show scoring volume over time when logs provide history.,CONDITIONAL,CONDITIONAL_PENDING_QA,app/pages/6_Monitoring_Drift_Health.py; app/ui/operations_intelligence.py; Evidently and delayed-label evidence,Longitudinal drift trend requires repeated comparable Evidently snapshots.,CONDITIONAL
SVE-MON-03,MON,Package 7,"Show score distribution, intent-band proportions, and shifts over time.",PLANNED,IMPLEMENTED_PENDING_QA,app/pages/6_Monitoring_Drift_Health.py; app/ui/operations_intelligence.py; Evidently and delayed-label evidence,Implementation exists in the coordinated closure payload; final status depends on tests and rendered review.,VERIFIED
SVE-MON-04,MON,Package 7,Show feature-level drift history rather than only one report.,CONDITIONAL,CONDITIONAL_PENDING_QA,app/pages/6_Monitoring_Drift_Health.py; app/ui/operations_intelligence.py; Evidently and delayed-label evidence,Alert history depends on persisted alert events rather than configuration alone.,CONDITIONAL
SVE-MON-05,MON,Package 7,Show prediction drift score and alert state over time.,CONDITIONAL,CONDITIONAL_PENDING_QA,app/pages/6_Monitoring_Drift_Health.py; app/ui/operations_intelligence.py; Evidently and delayed-label evidence,Observed production performance depends on matured labels.,CONDITIONAL
SVE-MON-06,MON,Package 7,Provide current-vs-reference feature comparison with effect size and business meaning.,PLANNED,IMPLEMENTED_PENDING_QA,app/pages/6_Monitoring_Drift_Health.py; app/ui/operations_intelligence.py; Evidently and delayed-label evidence,Implementation exists in the coordinated closure payload; final status depends on tests and rendered review.,VERIFIED
SVE-MON-07,MON,Package 7,"Show alert type, severity, first seen, last seen, state, and acknowledgement where available.",PLANNED,IMPLEMENTED_PENDING_QA,app/pages/6_Monitoring_Drift_Health.py; app/ui/operations_intelligence.py; Evidently and delayed-label evidence,Implementation exists in the coordinated closure payload; final status depends on tests and rendered review.,VERIFIED
SVE-MON-08,MON,Package 7,"Show prediction windows, matured labels, valid joins, conflicts, and blocked status.",PLANNED,IMPLEMENTED_PENDING_QA,app/pages/6_Monitoring_Drift_Health.py; app/ui/operations_intelligence.py; Evidently and delayed-label evidence,Implementation exists in the coordinated closure payload; final status depends on tests and rendered review.,VERIFIED
SVE-MON-09,MON,Package 7,Show ledger → eligible → labels received → valid joins → evaluated cohort.,PLANNED,IMPLEMENTED_PENDING_QA,app/pages/6_Monitoring_Drift_Health.py; app/ui/operations_intelligence.py; Evidently and delayed-label evidence,Implementation exists in the coordinated closure payload; final status depends on tests and rendered review.,VERIFIED
SVE-MON-10,MON,Package 7,Show real production performance only when valid matured labels exist.,CONDITIONAL,CONDITIONAL_PENDING_QA,app/pages/6_Monitoring_Drift_Health.py; app/ui/operations_intelligence.py; Evidently and delayed-label evidence,Historical service health requires persisted runtime telemetry.,CONDITIONAL
SVE-MON-11,MON,Package 7,"Show model hash, metadata hash, feature schema hash, generation, and source.",PLANNED,IMPLEMENTED_PENDING_QA,app/pages/6_Monitoring_Drift_Health.py; app/ui/operations_intelligence.py; Evidently and delayed-label evidence,Implementation exists in the coordinated closure payload; final status depends on tests and rendered review.,VERIFIED
SVE-MON-12,MON,Package 7,Show genuine ecommerce experiment/registry readiness and latest verified run.,PLANNED,IMPLEMENTED_PENDING_QA,app/pages/6_Monitoring_Drift_Health.py; app/ui/operations_intelligence.py; Evidently and delayed-label evidence,Implementation exists in the coordinated closure payload; final status depends on tests and rendered review.,VERIFIED
SVE-MON-13,MON,Package 7,"Show report generation time, sample sizes, drift alert, and report links.",PLANNED,IMPLEMENTED_PENDING_QA,app/pages/6_Monitoring_Drift_Health.py; app/ui/operations_intelligence.py; Evidently and delayed-label evidence,Implementation exists in the coordinated closure payload; final status depends on tests and rendered review.,VERIFIED
SVE-MON-14,MON,Package 7,"Generate current health summary, required action, and limitations.",PLANNED,IMPLEMENTED_PENDING_QA,app/pages/6_Monitoring_Drift_Health.py; app/ui/operations_intelligence.py; Evidently and delayed-label evidence,Implementation exists in the coordinated closure payload; final status depends on tests and rendered review.,VERIFIED
SVE-ARCH-01,ARCH,Package 8,"Create an interactive overview of data, ML, app, monitoring, deployment, and governance layers.",PLANNED,IMPLEMENTED_PENDING_QA,app/pages/7_MLOps_Architecture.py; app/ui/architecture_intelligence.py; repository topology/deployment evidence,Implementation exists in the coordinated closure payload; final status depends on tests and rendered review.,VERIFIED
SVE-ARCH-02,ARCH,Package 8,Show raw events → features → model → scoring → business outputs.,PLANNED,IMPLEMENTED_PENDING_QA,app/pages/7_MLOps_Architecture.py; app/ui/architecture_intelligence.py; repository topology/deployment evidence,Implementation exists in the coordinated closure payload; final status depends on tests and rendered review.,VERIFIED
SVE-ARCH-03,ARCH,Package 8,Show training → evaluation → champion → registry → scoring → monitoring → feedback.,PLANNED,IMPLEMENTED_PENDING_QA,app/pages/7_MLOps_Architecture.py; app/ui/architecture_intelligence.py; repository topology/deployment evidence,Implementation exists in the coordinated closure payload; final status depends on tests and rendered review.,VERIFIED
SVE-ARCH-04,ARCH,Package 8,"Explain tracking, artifacts, drift reports, and their separation.",PLANNED,IMPLEMENTED_PENDING_QA,app/pages/7_MLOps_Architecture.py; app/ui/architecture_intelligence.py; repository topology/deployment evidence,Implementation exists in the coordinated closure payload; final status depends on tests and rendered review.,VERIFIED
SVE-ARCH-05,ARCH,Package 8,Show snapshot → exporter → Prometheus → Grafana → Alertmanager.,PLANNED,IMPLEMENTED_PENDING_QA,app/pages/7_MLOps_Architecture.py; app/ui/architecture_intelligence.py; repository topology/deployment evidence,Implementation exists in the coordinated closure payload; final status depends on tests and rendered review.,VERIFIED
SVE-ARCH-06,ARCH,Package 8,Show local service topology and health relationships.,PLANNED,IMPLEMENTED_PENDING_QA,app/pages/7_MLOps_Architecture.py; app/ui/architecture_intelligence.py; repository topology/deployment evidence,Implementation exists in the coordinated closure payload; final status depends on tests and rendered review.,VERIFIED
SVE-ARCH-07,ARCH,Package 8,"Show pods, services, config, secrets, probes, and chart packaging.",PLANNED,IMPLEMENTED_PENDING_QA,app/pages/7_MLOps_Architecture.py; app/ui/architecture_intelligence.py; repository topology/deployment evidence,Implementation exists in the coordinated closure payload; final status depends on tests and rendered review.,VERIFIED
SVE-ARCH-08,ARCH,Package 8,"Show push/PR/manual/scheduled checks, security audits, Docker, MLflow, Evidently, and deployment validation.",PLANNED,IMPLEMENTED_PENDING_QA,app/pages/7_MLOps_Architecture.py; app/ui/architecture_intelligence.py; repository topology/deployment evidence,Implementation exists in the coordinated closure payload; final status depends on tests and rendered review.,VERIFIED
SVE-ARCH-09,ARCH,Package 8,"Allow users to select a component and see purpose, inputs, outputs, files, and evidence.",PLANNED,IMPLEMENTED_PENDING_QA,app/pages/7_MLOps_Architecture.py; app/ui/architecture_intelligence.py; repository topology/deployment evidence,Implementation exists in the coordinated closure payload; final status depends on tests and rendered review.,VERIFIED
SVE-ARCH-10,ARCH,Package 8,Provide downloadable architecture inventory or evidence table.,PLANNED,IMPLEMENTED_PENDING_QA,app/pages/7_MLOps_Architecture.py; app/ui/architecture_intelligence.py; repository topology/deployment evidence,Implementation exists in the coordinated closure payload; final status depends on tests and rendered review.,VERIFIED
SVE-QA-01,QA,Package 9,"Validate unique IDs, allowed statuses, required fields, and complete category coverage.",PLANNED,IMPLEMENTED_PENDING_QA,tests/test_closure_sprint_intelligence.py; master QA log; consolidated browser review pack,Implementation exists in the coordinated closure payload; final status depends on tests and rendered review.,VERIFIED
SVE-QA-02,QA,Package 9,Every Streamlit page imports and renders without exception.,PLANNED,IMPLEMENTED_PENDING_QA,tests/test_closure_sprint_intelligence.py; master QA log; consolidated browser review pack,Implementation exists in the coordinated closure payload; final status depends on tests and rendered review.,VERIFIED
SVE-QA-03,QA,Package 9,Extend chart-coverage tests to all required visuals and states.,PLANNED,IMPLEMENTED_PENDING_QA,tests/test_closure_sprint_intelligence.py; master QA log; consolidated browser review pack,Implementation exists in the coordinated closure payload; final status depends on tests and rendered review.,VERIFIED
SVE-QA-04,QA,Package 9,"Test global and page-specific filters, reset behavior, and cross-page persistence.",PLANNED,IMPLEMENTED_PENDING_QA,tests/test_closure_sprint_intelligence.py; master QA log; consolidated browser review pack,Implementation exists in the coordinated closure payload; final status depends on tests and rendered review.,VERIFIED
SVE-QA-05,QA,Package 9,"Test KPI, funnel, threshold, scenario, drift, forecast, and export calculations.",PLANNED,IMPLEMENTED_PENDING_QA,tests/test_closure_sprint_intelligence.py; master QA log; consolidated browser review pack,Implementation exists in the coordinated closure payload; final status depends on tests and rendered review.,VERIFIED
SVE-QA-06,QA,Package 9,"Validate source paths, columns, grain, keys, row counts, and schema hashes.",PLANNED,IMPLEMENTED_PENDING_QA,tests/test_closure_sprint_intelligence.py; master QA log; consolidated browser review pack,Implementation exists in the coordinated closure payload; final status depends on tests and rendered review.,VERIFIED
SVE-QA-07,QA,Package 9,"Measure cold, warm, and interaction timings for heavy pages.",PLANNED,IMPLEMENTED_PENDING_QA,tests/test_closure_sprint_intelligence.py; master QA log; consolidated browser review pack,Implementation exists in the coordinated closure payload; final status depends on tests and rendered review.,VERIFIED
SVE-QA-08,QA,Package 9,"Test cache correctness, invalidation, and no stale cross-filter results.",PLANNED,IMPLEMENTED_PENDING_QA,tests/test_closure_sprint_intelligence.py; master QA log; consolidated browser review pack,Implementation exists in the coordinated closure payload; final status depends on tests and rendered review.,VERIFIED
SVE-QA-09,QA,Package 9,"Validate all exports, metadata, filters, file names, and row counts.",PLANNED,IMPLEMENTED_PENDING_QA,tests/test_closure_sprint_intelligence.py; master QA log; consolidated browser review pack,Implementation exists in the coordinated closure payload; final status depends on tests and rendered review.,VERIFIED
SVE-QA-10,QA,Package 9,"Check titles, labels, legends, spacing, clipping, overlap, responsive layout, and theme compatibility.",PLANNED,IMPLEMENTED_PENDING_QA,tests/test_closure_sprint_intelligence.py; master QA log; consolidated browser review pack,Implementation exists in the coordinated closure payload; final status depends on tests and rendered review.,VERIFIED
SVE-QA-11,QA,Package 9,"Review contrast, color dependence, keyboard use, text alternatives, and table usability.",PLANNED,IMPLEMENTED_PENDING_QA,tests/test_closure_sprint_intelligence.py; master QA log; consolidated browser review pack,Implementation exists in the coordinated closure payload; final status depends on tests and rendered review.,VERIFIED
SVE-QA-12,QA,Package 9,"Verify evidence labels, simulated values, offline metrics, and production claims.",PLANNED,IMPLEMENTED_PENDING_QA,tests/test_closure_sprint_intelligence.py; master QA log; consolidated browser review pack,Implementation exists in the coordinated closure payload; final status depends on tests and rendered review.,VERIFIED
SVE-QA-13,QA,Package 9,Generate one final combined review PDF or readable review pack for all enhanced pages.,PLANNED,BLOCKED_FINAL_GATE,tests/test_closure_sprint_intelligence.py; master QA log; consolidated browser review pack,"Requires final consolidated QA, explicit staged-file review, push, and/or user approval.",VERIFIED
SVE-QA-14,QA,Package 9,"Update README, page guide, data contracts, and run instructions.",PLANNED,IMPLEMENTED_PENDING_QA,tests/test_closure_sprint_intelligence.py; master QA log; consolidated browser review pack,Implementation exists in the coordinated closure payload; final status depends on tests and rendered review.,VERIFIED
SVE-QA-15,QA,Package 9,"Reconcile every row with commit, test, visual, or blocked/excluded evidence.",PLANNED,BLOCKED_FINAL_GATE,tests/test_closure_sprint_intelligence.py; master QA log; consolidated browser review pack,"Requires final consolidated QA, explicit staged-file review, push, and/or user approval.",VERIFIED
SVE-QA-16,QA,Package 9,"Inspect staged files, generated artifacts, comments, and temporary files before each commit.",PLANNED,BLOCKED_FINAL_GATE,tests/test_closure_sprint_intelligence.py; master QA log; consolidated browser review pack,"Requires final consolidated QA, explicit staged-file review, push, and/or user approval.",VERIFIED
SVE-QA-17,QA,Package 9,Push the enhancement branch and obtain explicit approval before merge.,PLANNED,BLOCKED_FINAL_GATE,tests/test_closure_sprint_intelligence.py; master QA log; consolidated browser review pack,"Requires final consolidated QA, explicit staged-file review, push, and/or user approval.",VERIFIED
